,rx,ry,rz,vx,vy,vz,is_correct
0,0.0067,-0.0001,-0.18333333333333332,0.0,0.0,1.0,True
1,-0.0019,0.0059,-0.18333333333333332,0.0,0.0,1.0,True
2,0.0019,-0.0045000000000000005,-0.18333333333333332,0.0,0.0,1.0,True
3,0.007500000000000001,0.004300000000000001,-0.18333333333333332,0.0,0.0,1.0,True
4,0.004900000000000001,-0.005300000000000002,-0.18333333333333332,0.0,0.0,1.0,True
5,-0.0029,-0.0061,-0.18333333333333332,0.0,0.0,1.0,True
6,0.0007000000000000001,0.009899999999999999,-0.18333333333333332,0.0,0.0,1.0,True
7,0.004300000000000001,-0.007300000000000001,-0.18333333333333332,0.0,0.0,1.0,True
8,-0.0005,-0.0091,-0.18333333333333332,0.0,0.0,1.0,True
9,0.0017000000000000001,0.0051,-0.18333333333333332,0.0,0.0,1.0,True
10,-0.0065000000000000014,0.0065000000000000014,-0.18333333333333332,0.0,0.0,1.0,True
11,-0.0005,-0.0029,-0.18333333333333332,0.0,0.0,1.0,True
12,0.0009000000000000001,-0.0045000000000000005,-0.18333333333333332,0.0,0.0,1.0,True
13,-0.0061,-0.0059,-0.18333333333333332,0.0,0.0,1.0,True
14,-0.0007000000000000001,-0.0051,-0.18333333333333332,0.0,0.0,1.0,True
15,-0.007300000000000001,0.0021,-0.18333333333333332,0.0,0.0,1.0,True
16,-0.0045000000000000005,-0.0041,-0.18333333333333332,0.0,0.0,1.0,True
17,-0.0067,0.0009000000000000001,-0.18333333333333332,0.0,0.0,1.0,True
18,-0.0070999999999999995,-0.0037,-0.18333333333333332,0.0,0.0,1.0,True
19,0.007700000000000001,-0.006300000000000001,-0.18333333333333332,0.0,0.0,1.0,True
20,0.0032999999999999995,-0.0031,-0.18333333333333332,0.0,0.0,1.0,True
21,-0.0041,0.0047,-0.18333333333333332,0.0,0.0,1.0,True
22,0.007500000000000001,-0.0011,-0.18333333333333332,0.0,0.0,1.0,True
23,0.0047,-0.0067,-0.18333333333333332,0.0,0.0,1.0,True
24,0.0026999999999999997,-0.0055000000000000005,-0.18333333333333332,0.0,0.0,1.0,True
25,-0.00030000000000000003,0.0061,-0.18333333333333332,0.0,0.0,1.0,True
26,0.0081,-0.0031,-0.18333333333333332,0.0,0.0,1.0,True
27,-0.0065000000000000014,0.0015000000000000002,-0.18333333333333332,0.0,0.0,1.0,True
28,-0.0021,-0.0067,-0.18333333333333332,0.0,0.0,1.0,True
29,0.0045000000000000005,-0.0085,-0.18333333333333332,0.0,0.0,1.0,True
30,-0.0059,-0.0051,-0.18333333333333332,0.0,0.0,1.0,True
31,-0.0023,-0.007300000000000001,-0.18333333333333332,0.0,0.0,1.0,True
32,0.005300000000000002,-0.0083,-0.18333333333333332,0.0,0.0,1.0,True
33,0.0015000000000000002,0.0037,-0.18333333333333332,0.0,0.0,1.0,True
34,0.0025,0.0005,-0.18333333333333332,0.0,0.0,1.0,True
35,0.0083,-0.0013000000000000002,-0.18333333333333332,0.0,0.0,1.0,True
36,-0.0057,0.007700000000000001,-0.18333333333333332,0.0,0.0,1.0,True
37,-0.0089,0.0026999999999999997,-0.18333333333333332,0.0,0.0,1.0,True
38,0.005300000000000002,0.0079,-0.18333333333333332,0.0,0.0,1.0,True
39,0.007700000000000001,0.0055000000000000005,-0.18333333333333332,0.0,0.0,1.0,True
40,-0.0023,-0.006300000000000001,-0.18333333333333332,0.0,0.0,1.0,True
41,-0.0007000000000000001,0.0038999999999999994,-0.18333333333333332,0.0,0.0,1.0,True
42,0.0083,0.0019,-0.18333333333333332,0.0,0.0,1.0,True
43,-0.007300000000000001,0.0023,-0.18333333333333332,0.0,0.0,1.0,True
44,0.0093,-0.0021,-0.18333333333333332,0.0,0.0,1.0,True
45,-0.0037,0.0070999999999999995,-0.18333333333333332,0.0,0.0,1.0,True
46,-0.0021,0.0021,-0.18333333333333332,0.0,0.0,1.0,True
47,-0.0085,0.0009000000000000001,-0.18333333333333332,0.0,0.0,1.0,True
48,0.0001,-0.0085,-0.18333333333333332,0.0,0.0,1.0,True
49,-0.00030000000000000003,-0.0091,-0.18333333333333332,0.0,0.0,1.0,True
50,0.004300000000000001,-0.0067,-0.18333333333333332,0.0,0.0,1.0,True
51,0.006300000000000001,-0.0057,-0.18333333333333332,0.0,0.0,1.0,True
52,-0.00030000000000000003,-0.0037,-0.18333333333333332,0.0,0.0,1.0,True
53,-0.0025,0.0091,-0.18333333333333332,0.0,0.0,1.0,True
54,-0.005300000000000002,-0.007300000000000001,-0.18333333333333332,0.0,0.0,1.0,True
55,0.0037,0.0031,-0.18333333333333332,0.0,0.0,1.0,True
56,0.0021,0.0087,-0.18333333333333332,0.0,0.0,1.0,True
57,-0.006900000000000001,-0.0047,-0.18333333333333332,0.0,0.0,1.0,True
58,0.006900000000000001,0.0031,-0.18333333333333332,0.0,0.0,1.0,True
59,0.0087,0.0038999999999999994,-0.18333333333333332,0.0,0.0,1.0,True
60,0.0025,0.0009000000000000001,-0.18333333333333332,0.0,0.0,1.0,True
61,0.0001,0.0059,-0.18333333333333332,0.0,0.0,1.0,True
62,0.0057,0.0019,-0.18333333333333332,0.0,0.0,1.0,True
63,0.006900000000000001,-0.0011,-0.18333333333333332,0.0,0.0,1.0,True
64,0.0051,-0.006900000000000001,-0.18333333333333332,0.0,0.0,1.0,True
65,0.0085,-0.0026999999999999997,-0.18333333333333332,0.0,0.0,1.0,True
66,0.0021,0.0061,-0.18333333333333332,0.0,0.0,1.0,True
67,-0.0032999999999999995,-0.007300000000000001,-0.18333333333333332,0.0,0.0,1.0,True
68,-0.0045000000000000005,0.0065000000000000014,-0.18333333333333332,0.0,0.0,1.0,True
69,0.0026999999999999997,-0.0007000000000000001,-0.18333333333333332,0.0,0.0,1.0,True
70,-0.0065000000000000014,-0.0038999999999999994,-0.18333333333333332,0.0,0.0,1.0,True
71,-0.0026999999999999997,0.0070999999999999995,-0.18333333333333332,0.0,0.0,1.0,True
72,-0.004300000000000001,-0.0061,-0.18333333333333332,0.0,0.0,1.0,True
73,0.0019,0.0032999999999999995,-0.18333333333333332,0.0,0.0,1.0,True
74,0.0091,-0.0026999999999999997,-0.18333333333333332,0.0,0.0,1.0,True
75,-0.0032999999999999995,0.007700000000000001,-0.18333333333333332,0.0,0.0,1.0,True
76,-0.009899999999999999,0.0001,-0.18333333333333332,0.0,0.0,1.0,True
77,-0.0005,0.0026999999999999997,-0.18333333333333332,0.0,0.0,1.0,True
78,0.0007000000000000001,-0.0005,-0.18333333333333332,0.0,0.0,1.0,True
79,-0.0025,0.006900000000000001,-0.18333333333333332,0.0,0.0,1.0,True
80,-0.0045000000000000005,-0.0035,-0.18333333333333332,0.0,0.0,1.0,True
81,0.00030000000000000003,0.0017000000000000001,-0.18333333333333332,0.0,0.0,1.0,True
82,0.0037,-0.0013000000000000002,-0.18333333333333332,0.0,0.0,1.0,True
83,-0.00030000000000000003,0.0029,-0.18333333333333332,0.0,0.0,1.0,True
84,0.0015000000000000002,0.0051,-0.18333333333333332,0.0,0.0,1.0,True
85,0.0026999999999999997,-0.0007000000000000001,-0.18333333333333332,0.0,0.0,1.0,True
86,0.0025,0.0061,-0.18333333333333332,0.0,0.0,1.0,True
87,0.0031,0.0007000000000000001,-0.18333333333333332,0.0,0.0,1.0,True
88,-0.0045000000000000005,-0.0035,-0.18333333333333332,0.0,0.0,1.0,True
89,0.0031,-0.0083,-0.18333333333333332,0.0,0.0,1.0,True
90,0.007700000000000001,0.004900000000000001,-0.18333333333333332,0.0,0.0,1.0,True
91,-0.00030000000000000003,-0.0005,-0.18333333333333332,0.0,0.0,1.0,True
92,0.007500000000000001,-0.0038999999999999994,-0.18333333333333332,0.0,0.0,1.0,True
93,0.0031,0.0005,-0.18333333333333332,0.0,0.0,1.0,True
94,-0.0032999999999999995,-0.0037,-0.18333333333333332,0.0,0.0,1.0,True
95,0.0029,0.006900000000000001,-0.18333333333333332,0.0,0.0,1.0,True
96,-0.0037,0.0005,-0.18333333333333332,0.0,0.0,1.0,True
97,0.0041,-0.0013000000000000002,-0.18333333333333332,0.0,0.0,1.0,True
98,0.0015000000000000002,-0.0021,-0.18333333333333332,0.0,0.0,1.0,True
99,-0.0011,-0.0037,-0.18333333333333332,0.0,0.0,1.0,True
100,-0.0005,-0.004300000000000001,-0.18333333333333332,0.0,0.0,1.0,True
101,0.004900000000000001,-0.006300000000000001,-0.18333333333333332,0.0,0.0,1.0,True
102,-0.0057,-0.006300000000000001,-0.18333333333333332,0.0,0.0,1.0,True
103,-0.0032999999999999995,-0.0079,-0.18333333333333332,0.0,0.0,1.0,True
104,0.006900000000000001,-0.0032999999999999995,-0.18333333333333332,0.0,0.0,1.0,True
105,0.0011,0.0011,-0.18333333333333332,0.0,0.0,1.0,True
106,0.0025,-0.0081,-0.18333333333333332,0.0,0.0,1.0,True
107,-0.0035,-0.0037,-0.18333333333333332,0.0,0.0,1.0,True
108,0.0009000000000000001,-0.0065000000000000014,-0.18333333333333332,0.0,0.0,1.0,True
109,-0.006300000000000001,-0.0019,-0.18333333333333332,0.0,0.0,1.0,True
110,-0.0035,0.0087,-0.18333333333333332,0.0,0.0,1.0,True
111,-0.0035,0.0091,-0.18333333333333332,0.0,0.0,1.0,True
112,0.006900000000000001,0.0011,-0.18333333333333332,0.0,0.0,1.0,True
113,-0.0081,-0.0011,-0.18333333333333332,0.0,0.0,1.0,True
114,0.0055000000000000005,-0.007700000000000001,-0.18333333333333332,0.0,0.0,1.0,True
115,0.006300000000000001,0.0035,-0.18333333333333332,0.0,0.0,1.0,True
116,-0.0009000000000000001,-0.007300000000000001,-0.18333333333333332,0.0,0.0,1.0,True
117,0.0007000000000000001,-0.007700000000000001,-0.18333333333333332,0.0,0.0,1.0,True
118,-0.0005,0.0057,-0.18333333333333332,0.0,0.0,1.0,True
119,0.0017000000000000001,0.0011,-0.18333333333333332,0.0,0.0,1.0,True
120,-0.006900000000000001,0.0026999999999999997,-0.18333333333333332,0.0,0.0,1.0,True
121,0.004900000000000001,-0.0057,-0.18333333333333332,0.0,0.0,1.0,True
122,0.0091,0.0025,-0.18333333333333332,0.0,0.0,1.0,True
123,0.0038999999999999994,0.0070999999999999995,-0.18333333333333332,0.0,0.0,1.0,True
124,-0.0001,0.0026999999999999997,-0.18333333333333332,0.0,0.0,1.0,True
125,-0.0081,-0.0051,-0.18333333333333332,0.0,0.0,1.0,True
126,-0.007700000000000001,-0.0025,-0.18333333333333332,0.0,0.0,1.0,True
127,-0.0061,0.0001,-0.18333333333333332,0.0,0.0,1.0,True
128,-0.0031,0.0031,-0.18333333333333332,0.0,0.0,1.0,True
129,-0.0047,-0.0057,-0.18333333333333332,0.0,0.0,1.0,True
130,-0.0067,0.0057,-0.18333333333333332,0.0,0.0,1.0,True
131,0.0035,0.0001,-0.18333333333333332,0.0,0.0,1.0,True
132,0.0017000000000000001,-0.0067,-0.18333333333333332,0.0,0.0,1.0,True
133,-0.0047,-0.0055000000000000005,-0.18333333333333332,0.0,0.0,1.0,True
134,-0.0001,0.0005,-0.18333333333333332,0.0,0.0,1.0,True
135,0.005300000000000002,0.0047,-0.18333333333333332,0.0,0.0,1.0,True
136,0.0038999999999999994,0.0041,-0.18333333333333332,0.0,0.0,1.0,True
137,-0.0085,0.0045000000000000005,-0.18333333333333332,0.0,0.0,1.0,True
138,-0.0079,0.0011,-0.18333333333333332,0.0,0.0,1.0,True
139,-0.0067,0.0035,-0.18333333333333332,0.0,0.0,1.0,True
140,0.0032999999999999995,-0.0007000000000000001,-0.18333333333333332,0.0,0.0,1.0,True
141,-0.0059,0.00030000000000000003,-0.18333333333333332,0.0,0.0,1.0,True
142,-0.004300000000000001,-0.0065000000000000014,-0.18333333333333332,0.0,0.0,1.0,True
143,-0.0067,0.0041,-0.18333333333333332,0.0,0.0,1.0,True
144,-0.0037,0.0025,-0.18333333333333332,0.0,0.0,1.0,True
145,-0.0045000000000000005,-0.0026999999999999997,-0.18333333333333332,0.0,0.0,1.0,True
146,-0.0005,0.0029,-0.18333333333333332,0.0,0.0,1.0,True
147,-0.0047,-0.0029,-0.18333333333333332,0.0,0.0,1.0,True
148,0.0091,0.0019,-0.18333333333333332,0.0,0.0,1.0,True
149,0.0021,-0.0079,-0.18333333333333332,0.0,0.0,1.0,True
150,0.004900000000000001,-0.0070999999999999995,-0.18333333333333332,0.0,0.0,1.0,True
151,-0.004300000000000001,-0.0057,-0.18333333333333332,0.0,0.0,1.0,True
152,0.0013000000000000002,-0.0051,-0.18333333333333332,0.0,0.0,1.0,True
153,-0.0081,-0.0035,-0.18333333333333332,0.0,0.0,1.0,True
154,0.004300000000000001,0.0065000000000000014,-0.18333333333333332,0.0,0.0,1.0,True
155,0.0059,0.0025,-0.18333333333333332,0.0,0.0,1.0,True
156,0.0021,0.0021,-0.18333333333333332,0.0,0.0,1.0,True
157,0.0019,0.0011,-0.18333333333333332,0.0,0.0,1.0,True
158,0.0015000000000000002,-0.0038999999999999994,-0.18333333333333332,0.0,0.0,1.0,True
159,-0.0061,-0.0005,-0.18333333333333332,0.0,0.0,1.0,True
160,-0.00030000000000000003,-0.007500000000000001,-0.18333333333333332,0.0,0.0,1.0,True
161,-0.0017000000000000001,0.006900000000000001,-0.18333333333333332,0.0,0.0,1.0,True
162,-0.0081,0.0023,-0.18333333333333332,0.0,0.0,1.0,True
163,0.0009000000000000001,-0.0038999999999999994,-0.18333333333333332,0.0,0.0,1.0,True
164,-0.0055000000000000005,0.0067,-0.18333333333333332,0.0,0.0,1.0,True
165,-0.0070999999999999995,-0.0001,-0.18333333333333332,0.0,0.0,1.0,True
166,0.0059,0.0079,-0.18333333333333332,0.0,0.0,1.0,True
167,0.0047,0.0025,-0.18333333333333332,0.0,0.0,1.0,True
168,-0.004900000000000001,-0.0013000000000000002,-0.18333333333333332,0.0,0.0,1.0,True
169,0.0015000000000000002,0.006300000000000001,-0.18333333333333332,0.0,0.0,1.0,True
170,-0.0001,-0.0083,-0.18333333333333332,0.0,0.0,1.0,True
171,0.0031,0.0031,-0.18333333333333332,0.0,0.0,1.0,True
172,-0.0023,0.0095,-0.18333333333333332,0.0,0.0,1.0,True
173,0.0038999999999999994,-0.0038999999999999994,-0.18333333333333332,0.0,0.0,1.0,True
174,-0.0025,0.0017000000000000001,-0.18333333333333332,0.0,0.0,1.0,True
175,-0.0070999999999999995,0.0067,-0.18333333333333332,0.0,0.0,1.0,True
176,0.0029,0.00030000000000000003,-0.18333333333333332,0.0,0.0,1.0,True
177,0.0038999999999999994,0.0079,-0.18333333333333332,0.0,0.0,1.0,True
178,-0.0059,-0.007500000000000001,-0.18333333333333332,0.0,0.0,1.0,True
179,-0.0026999999999999997,0.0019,-0.18333333333333332,0.0,0.0,1.0,True
180,-0.0070999999999999995,0.0051,-0.18333333333333332,0.0,0.0,1.0,True
181,-0.0087,0.004300000000000001,-0.18333333333333332,0.0,0.0,1.0,True
182,-0.0011,0.0057,-0.18333333333333332,0.0,0.0,1.0,True
183,-0.0079,-0.0007000000000000001,-0.18333333333333332,0.0,0.0,1.0,True
184,0.0009000000000000001,0.0061,-0.18333333333333332,0.0,0.0,1.0,True
185,0.0037,-0.0037,-0.18333333333333332,0.0,0.0,1.0,True
186,0.0059,0.0019,-0.18333333333333332,0.0,0.0,1.0,True
187,-0.0035,0.004300000000000001,-0.18333333333333332,0.0,0.0,1.0,True
188,0.0083,-0.0021,-0.18333333333333332,0.0,0.0,1.0,True
189,-0.0007000000000000001,-0.0015000000000000002,-0.18333333333333332,0.0,0.0,1.0,True
190,-0.007500000000000001,0.0019,-0.18333333333333332,0.0,0.0,1.0,True
191,-0.0032999999999999995,-0.0026999999999999997,-0.18333333333333332,0.0,0.0,1.0,True
192,-0.0067,-0.0045000000000000005,-0.18333333333333332,0.0,0.0,1.0,True
193,0.0061,0.007500000000000001,-0.18333333333333332,0.0,0.0,1.0,True
194,0.0045000000000000005,-0.007500000000000001,-0.18333333333333332,0.0,0.0,1.0,True
195,-0.0083,-0.0021,-0.18333333333333332,0.0,0.0,1.0,True
196,0.004900000000000001,0.0032999999999999995,-0.18333333333333332,0.0,0.0,1.0,True
197,0.0001,-0.0032999999999999995,-0.18333333333333332,0.0,0.0,1.0,True
198,0.0013000000000000002,0.0013000000000000002,-0.18333333333333332,0.0,0.0,1.0,True
199,-0.0031,-0.0007000000000000001,-0.18333333333333332,0.0,0.0,1.0,True
200,-0.0013000000000000002,0.0057,-0.18333333333333332,0.0,0.0,1.0,True
201,0.0011,-0.0051,-0.18333333333333332,0.0,0.0,1.0,True
202,0.0019,-0.0007000000000000001,-0.18333333333333332,0.0,0.0,1.0,True
203,-0.0009000000000000001,-0.0061,-0.18333333333333332,0.0,0.0,1.0,True
204,-0.0079,-0.006300000000000001,-0.18333333333333332,0.0,0.0,1.0,True
205,-0.004900000000000001,0.0055000000000000005,-0.18333333333333332,0.0,0.0,1.0,True
206,0.0001,0.0005,-0.18333333333333332,0.0,0.0,1.0,True
207,-0.0015000000000000002,0.0095,-0.18333333333333332,0.0,0.0,1.0,True
208,0.0087,0.0029,-0.18333333333333332,0.0,0.0,1.0,True
209,-0.0019,-0.0038999999999999994,-0.18333333333333332,0.0,0.0,1.0,True
210,-0.0031,-0.0013000000000000002,-0.18333333333333332,0.0,0.0,1.0,True
211,0.0081,-0.0025,-0.18333333333333332,0.0,0.0,1.0,True
212,0.0026999999999999997,0.00030000000000000003,-0.18333333333333332,0.0,0.0,1.0,True
213,0.0021,-0.0021,-0.18333333333333332,0.0,0.0,1.0,True
214,0.0017000000000000001,-0.0055000000000000005,-0.18333333333333332,0.0,0.0,1.0,True
215,0.004300000000000001,-0.0025,-0.18333333333333332,0.0,0.0,1.0,True
216,0.0037,0.0059,-0.18333333333333332,0.0,0.0,1.0,True
217,0.0026999999999999997,-0.0070999999999999995,-0.18333333333333332,0.0,0.0,1.0,True
218,-0.0011,-0.0026999999999999997,-0.18333333333333332,0.0,0.0,1.0,True
219,0.0070999999999999995,0.004900000000000001,-0.18333333333333332,0.0,0.0,1.0,True
220,-0.0001,0.0095,-0.18333333333333332,0.0,0.0,1.0,True
221,0.0067,-0.0065000000000000014,-0.18333333333333332,0.0,0.0,1.0,True
222,-0.0083,-0.0037,-0.18333333333333332,0.0,0.0,1.0,True
223,-0.0031,0.0061,-0.18333333333333332,0.0,0.0,1.0,True
224,0.0011,0.0091,-0.18333333333333332,0.0,0.0,1.0,True
225,-0.0023,0.0079,-0.18333333333333332,0.0,0.0,1.0,True
226,-0.006300000000000001,-0.004300000000000001,-0.18333333333333332,0.0,0.0,1.0,True
227,0.0025,-0.007700000000000001,-0.18333333333333332,0.0,0.0,1.0,True
228,0.007700000000000001,-0.0057,-0.18333333333333332,0.0,0.0,1.0,True
229,0.0089,0.004300000000000001,-0.18333333333333332,0.0,0.0,1.0,True
230,0.0011,-0.007500000000000001,-0.18333333333333332,0.0,0.0,1.0,True
231,0.0011,-0.0037,-0.18333333333333332,0.0,0.0,1.0,True
232,0.006300000000000001,-0.006300000000000001,-0.18333333333333332,0.0,0.0,1.0,True
233,0.0037,-0.0081,-0.18333333333333332,0.0,0.0,1.0,True
234,0.0035,-0.0045000000000000005,-0.18333333333333332,0.0,0.0,1.0,True
235,-0.0085,0.0001,-0.18333333333333332,0.0,0.0,1.0,True
236,0.0011,-0.007700000000000001,-0.18333333333333332,0.0,0.0,1.0,True
237,-0.0037,0.0081,-0.18333333333333332,0.0,0.0,1.0,True
238,-0.0019,0.0093,-0.18333333333333332,0.0,0.0,1.0,True
239,-0.0041,-0.0059,-0.18333333333333332,0.0,0.0,1.0,True
240,0.0009000000000000001,-0.0059,-0.18333333333333332,0.0,0.0,1.0,True
241,-0.005300000000000002,-0.0041,-0.18333333333333332,0.0,0.0,1.0,True
242,0.004900000000000001,0.0021,-0.18333333333333332,0.0,0.0,1.0,True
243,0.006300000000000001,-0.0001,-0.18333333333333332,0.0,0.0,1.0,True
244,-0.0019,-0.0079,-0.18333333333333332,0.0,0.0,1.0,True
245,0.0026999999999999997,0.0057,-0.18333333333333332,0.0,0.0,1.0,True
246,0.0055000000000000005,-0.0001,-0.18333333333333332,0.0,0.0,1.0,True
247,0.0059,-0.0029,-0.18333333333333332,0.0,0.0,1.0,True
248,0.0005,-0.0070999999999999995,-0.18333333333333332,0.0,0.0,1.0,True
249,-0.004300000000000001,0.00030000000000000003,-0.18333333333333332,0.0,0.0,1.0,True
250,0.0085,0.0021,-0.18333333333333332,0.0,0.0,1.0,True
251,-0.007500000000000001,-0.0061,-0.18333333333333332,0.0,0.0,1.0,True
252,0.0026999999999999997,-0.0032999999999999995,-0.18333333333333332,0.0,0.0,1.0,True
253,-0.0051,0.0059,-0.18333333333333332,0.0,0.0,1.0,True
254,-0.006900000000000001,-0.0032999999999999995,-0.18333333333333332,0.0,0.0,1.0,True
255,-0.0081,0.0037,-0.18333333333333332,0.0,0.0,1.0,True
256,0.006900000000000001,0.0065000000000000014,-0.18333333333333332,0.0,0.0,1.0,True
257,-0.004900000000000001,0.007700000000000001,-0.18333333333333332,0.0,0.0,1.0,True
258,0.0009000000000000001,0.0041,-0.18333333333333332,0.0,0.0,1.0,True
259,-0.007300000000000001,0.0009000000000000001,-0.18333333333333332,0.0,0.0,1.0,True
260,0.0032999999999999995,0.0019,-0.18333333333333332,0.0,0.0,1.0,True
261,0.0029,0.0007000000000000001,-0.18333333333333332,0.0,0.0,1.0,True
262,-0.0026999999999999997,0.0083,-0.18333333333333332,0.0,0.0,1.0,True
263,-0.0019,-0.0057,-0.18333333333333332,0.0,0.0,1.0,True
264,0.0007000000000000001,-0.005300000000000002,-0.18333333333333332,0.0,0.0,1.0,True
265,0.0005,-0.0007000000000000001,-0.18333333333333332,0.0,0.0,1.0,True
266,0.0035,-0.0065000000000000014,-0.18333333333333332,0.0,0.0,1.0,True
267,-0.007300000000000001,-0.0001,-0.18333333333333332,0.0,0.0,1.0,True
268,0.0051,0.0081,-0.18333333333333332,0.0,0.0,1.0,True
269,0.0095,-0.0007000000000000001,-0.18333333333333332,0.0,0.0,1.0,True
270,-0.00030000000000000003,-0.0091,-0.18333333333333332,0.0,0.0,1.0,True
271,0.0057,0.0017000000000000001,-0.18333333333333332,0.0,0.0,1.0,True
272,0.0013000000000000002,-0.0061,-0.18333333333333332,0.0,0.0,1.0,True
273,0.0051,-0.00030000000000000003,-0.18333333333333332,0.0,0.0,1.0,True
274,-0.0032999999999999995,0.0061,-0.18333333333333332,0.0,0.0,1.0,True
275,-0.0037,-0.0035,-0.18333333333333332,0.0,0.0,1.0,True
276,-0.0013000000000000002,0.0093,-0.18333333333333332,0.0,0.0,1.0,True
277,-0.0023,-0.0037,-0.18333333333333332,0.0,0.0,1.0,True
278,0.0009000000000000001,0.0023,-0.18333333333333332,0.0,0.0,1.0,True
279,0.007500000000000001,0.0025,-0.18333333333333332,0.0,0.0,1.0,True
280,-0.007500000000000001,0.005300000000000002,-0.18333333333333332,0.0,0.0,1.0,True
281,-0.0057,-0.0038999999999999994,-0.18333333333333332,0.0,0.0,1.0,True
282,-0.0041,0.0087,-0.18333333333333332,0.0,0.0,1.0,True
283,-0.0011,-0.0032999999999999995,-0.18333333333333332,0.0,0.0,1.0,True
284,-0.0021,-0.006300000000000001,-0.18333333333333332,0.0,0.0,1.0,True
285,0.0041,0.0045000000000000005,-0.18333333333333332,0.0,0.0,1.0,True
286,0.0007000000000000001,0.0021,-0.18333333333333332,0.0,0.0,1.0,True
287,-0.007500000000000001,-0.005300000000000002,-0.18333333333333332,0.0,0.0,1.0,True
288,-0.0065000000000000014,-0.0015000000000000002,-0.18333333333333332,0.0,0.0,1.0,True
289,0.0065000000000000014,-0.007300000000000001,-0.18333333333333332,0.0,0.0,1.0,True
290,0.0083,0.0011,-0.18333333333333332,0.0,0.0,1.0,True
291,-0.0011,0.0061,-0.18333333333333332,0.0,0.0,1.0,True
292,0.0005,-0.004900000000000001,-0.18333333333333332,0.0,0.0,1.0,True
293,0.0007000000000000001,0.0026999999999999997,-0.18333333333333332,0.0,0.0,1.0,True
294,-0.0037,-0.0085,-0.18333333333333332,0.0,0.0,1.0,True
295,-0.0011,-0.0089,-0.18333333333333332,0.0,0.0,1.0,True
296,0.004300000000000001,-0.0059,-0.18333333333333332,0.0,0.0,1.0,True
297,0.006300000000000001,-0.0055000000000000005,-0.18333333333333332,0.0,0.0,1.0,True
298,0.0047,0.0067,-0.18333333333333332,0.0,0.0,1.0,True
299,0.0047,-0.006900000000000001,-0.18333333333333332,0.0,0.0,1.0,True
300,0.006300000000000001,-0.0026999999999999997,-0.18333333333333332,0.0,0.0,1.0,True
301,0.0081,0.0038999999999999994,-0.18333333333333332,0.0,0.0,1.0,True
302,0.0011,0.0017000000000000001,-0.18333333333333332,0.0,0.0,1.0,True
303,-0.0089,-0.0009000000000000001,-0.18333333333333332,0.0,0.0,1.0,True
304,-0.0079,-0.0057,-0.18333333333333332,0.0,0.0,1.0,True
305,-0.0007000000000000001,-0.007500000000000001,-0.18333333333333332,0.0,0.0,1.0,True
306,0.004300000000000001,-0.0057,-0.18333333333333332,0.0,0.0,1.0,True
307,-0.0037,0.007700000000000001,-0.18333333333333332,0.0,0.0,1.0,True
308,-0.0067,0.007300000000000001,-0.18333333333333332,0.0,0.0,1.0,True
309,-0.0029,-0.0038999999999999994,-0.18333333333333332,0.0,0.0,1.0,True
310,-0.0015000000000000002,-0.0037,-0.18333333333333332,0.0,0.0,1.0,True
311,-0.0038999999999999994,0.006900000000000001,-0.18333333333333332,0.0,0.0,1.0,True
312,0.0035,-0.0079,-0.18333333333333332,0.0,0.0,1.0,True
313,-0.0001,-0.0015000000000000002,-0.18333333333333332,0.0,0.0,1.0,True
314,-0.0005,0.0067,-0.18333333333333332,0.0,0.0,1.0,True
315,-0.00030000000000000003,-0.0091,-0.18333333333333332,0.0,0.0,1.0,True
316,0.0079,-0.0013000000000000002,-0.18333333333333332,0.0,0.0,1.0,True
317,0.0009000000000000001,-0.0083,-0.18333333333333332,0.0,0.0,1.0,True
318,0.007700000000000001,0.00030000000000000003,-0.18333333333333332,0.0,0.0,1.0,True
319,-0.0051,-0.0045000000000000005,-0.18333333333333332,0.0,0.0,1.0,True
320,-0.0017000000000000001,-0.0059,-0.18333333333333332,0.0,0.0,1.0,True
321,0.0089,-0.0032999999999999995,-0.18333333333333332,0.0,0.0,1.0,True
322,0.0038999999999999994,-0.004900000000000001,-0.18333333333333332,0.0,0.0,1.0,True
323,-0.00030000000000000003,-0.0055000000000000005,-0.18333333333333332,0.0,0.0,1.0,True
324,0.0051,0.00030000000000000003,-0.18333333333333332,0.0,0.0,1.0,True
325,0.0057,0.007500000000000001,-0.18333333333333332,0.0,0.0,1.0,True
326,-0.0051,-0.006300000000000001,-0.18333333333333332,0.0,0.0,1.0,True
327,0.0032999999999999995,0.0041,-0.18333333333333332,0.0,0.0,1.0,True
328,-0.0013000000000000002,0.0093,-0.18333333333333332,0.0,0.0,1.0,True
329,0.004900000000000001,0.0013000000000000002,-0.18333333333333332,0.0,0.0,1.0,True
330,0.0041,-0.006900000000000001,-0.18333333333333332,0.0,0.0,1.0,True
331,-0.0001,-0.0047,-0.18333333333333332,0.0,0.0,1.0,True
332,0.0079,-0.0025,-0.18333333333333332,0.0,0.0,1.0,True
333,0.0091,-0.0021,-0.18333333333333332,0.0,0.0,1.0,True
334,0.00030000000000000003,0.0067,-0.18333333333333332,0.0,0.0,1.0,True
335,-0.0015000000000000002,0.0081,-0.18333333333333332,0.0,0.0,1.0,True
336,0.0005,-0.0031,-0.18333333333333332,0.0,0.0,1.0,True
337,0.0065000000000000014,0.0041,-0.18333333333333332,0.0,0.0,1.0,True
338,0.0026999999999999997,0.007300000000000001,-0.18333333333333332,0.0,0.0,1.0,True
339,0.0047,-0.0047,-0.18333333333333332,0.0,0.0,1.0,True
340,-0.0035,0.0089,-0.18333333333333332,0.0,0.0,1.0,True
341,-0.0001,0.007300000000000001,-0.18333333333333332,0.0,0.0,1.0,True
342,0.004300000000000001,-0.0035,-0.18333333333333332,0.0,0.0,1.0,True
343,-0.005300000000000002,0.0032999999999999995,-0.18333333333333332,0.0,0.0,1.0,True
344,0.0059,0.0017000000000000001,-0.18333333333333332,0.0,0.0,1.0,True
345,0.006300000000000001,0.0061,-0.18333333333333332,0.0,0.0,1.0,True
346,0.004300000000000001,-0.0032999999999999995,-0.18333333333333332,0.0,0.0,1.0,True
347,0.00030000000000000003,-0.0013000000000000002,-0.18333333333333332,0.0,0.0,1.0,True
348,-0.0029,-0.0031,-0.18333333333333332,0.0,0.0,1.0,True
349,0.004900000000000001,-0.0067,-0.18333333333333332,0.0,0.0,1.0,True
350,0.007500000000000001,0.0007000000000000001,-0.18333333333333332,0.0,0.0,1.0,True
351,-0.0059,0.0025,-0.18333333333333332,0.0,0.0,1.0,True
352,-0.0007000000000000001,0.0070999999999999995,-0.18333333333333332,0.0,0.0,1.0,True
353,0.0035,-0.0023,-0.18333333333333332,0.0,0.0,1.0,True
354,-0.0067,0.006900000000000001,-0.18333333333333332,0.0,0.0,1.0,True
355,-0.0065000000000000014,-0.0037,-0.18333333333333332,0.0,0.0,1.0,True
356,0.007500000000000001,0.0031,-0.18333333333333332,0.0,0.0,1.0,True
357,-0.006900000000000001,-0.00030000000000000003,-0.18333333333333332,0.0,0.0,1.0,True
358,0.0059,-0.007500000000000001,-0.18333333333333332,0.0,0.0,1.0,True
359,-0.0009000000000000001,0.0051,-0.18333333333333332,0.0,0.0,1.0,True
360,-0.0017000000000000001,-0.0067,-0.18333333333333332,0.0,0.0,1.0,True
361,-0.0001,-0.0005,-0.18333333333333332,0.0,0.0,1.0,True
362,0.0079,0.0045000000000000005,-0.18333333333333332,0.0,0.0,1.0,True
363,0.0097,0.0011,-0.18333333333333332,0.0,0.0,1.0,True
364,0.0023,0.0083,-0.18333333333333332,0.0,0.0,1.0,True
365,-0.0038999999999999994,-0.007700000000000001,-0.18333333333333332,0.0,0.0,1.0,True
366,-0.0093,0.0007000000000000001,-0.18333333333333332,0.0,0.0,1.0,True
367,0.007700000000000001,0.0021,-0.18333333333333332,0.0,0.0,1.0,True
368,0.0013000000000000002,-0.0015000000000000002,-0.18333333333333332,0.0,0.0,1.0,True
369,0.0026999999999999997,0.0013000000000000002,-0.18333333333333332,0.0,0.0,1.0,True
370,0.0011,0.0097,-0.18333333333333332,0.0,0.0,1.0,True
371,0.0017000000000000001,-0.007500000000000001,-0.18333333333333332,0.0,0.0,1.0,True
372,0.0015000000000000002,-0.0079,-0.18333333333333332,0.0,0.0,1.0,True
373,-0.0013000000000000002,0.007300000000000001,-0.18333333333333332,0.0,0.0,1.0,True
374,0.0070999999999999995,-0.0038999999999999994,-0.18333333333333332,0.0,0.0,1.0,True
375,-0.0087,0.0015000000000000002,-0.18333333333333332,0.0,0.0,1.0,True
376,0.0041,-0.004300000000000001,-0.18333333333333332,0.0,0.0,1.0,True
377,0.0081,-0.0045000000000000005,-0.18333333333333332,0.0,0.0,1.0,True
378,0.0001,0.0025,-0.18333333333333332,0.0,0.0,1.0,True
379,0.0087,-0.00030000000000000003,-0.18333333333333332,0.0,0.0,1.0,True
380,-0.0005,-0.0089,-0.18333333333333332,0.0,0.0,1.0,True
381,-0.0057,0.0029,-0.18333333333333332,0.0,0.0,1.0,True
382,0.0055000000000000005,-0.0037,-0.18333333333333332,0.0,0.0,1.0,True
383,0.0021,-0.0007000000000000001,-0.18333333333333332,0.0,0.0,1.0,True
384,0.006900000000000001,0.0013000000000000002,-0.18333333333333332,0.0,0.0,1.0,True
385,0.006300000000000001,-0.0013000000000000002,-0.18333333333333332,0.0,0.0,1.0,True
386,-0.007700000000000001,0.0013000000000000002,-0.18333333333333332,0.0,0.0,1.0,True
387,-0.0085,0.0007000000000000001,-0.18333333333333332,0.0,0.0,1.0,True
388,0.004900000000000001,0.006300000000000001,-0.18333333333333332,0.0,0.0,1.0,True
389,0.0083,0.004300000000000001,-0.18333333333333332,0.0,0.0,1.0,True
390,0.0026999999999999997,-0.0081,-0.18333333333333332,0.0,0.0,1.0,True
391,0.0061,0.005300000000000002,-0.18333333333333332,0.0,0.0,1.0,True
392,-0.0065000000000000014,0.0011,-0.18333333333333332,0.0,0.0,1.0,True
393,-0.0026999999999999997,-0.0032999999999999995,-0.18333333333333332,0.0,0.0,1.0,True
394,-0.004900000000000001,-0.006300000000000001,-0.18333333333333332,0.0,0.0,1.0,True
395,-0.0023,-0.0051,-0.18333333333333332,0.0,0.0,1.0,True
396,-0.0013000000000000002,0.0097,-0.18333333333333332,0.0,0.0,1.0,True
397,-0.0007000000000000001,-0.0007000000000000001,-0.18333333333333332,0.0,0.0,1.0,True
398,0.00030000000000000003,0.0085,-0.18333333333333332,0.0,0.0,1.0,True
399,-0.0081,-0.0029,-0.18333333333333332,0.0,0.0,1.0,True
400,-0.006900000000000001,-0.0065000000000000014,-0.18333333333333332,0.0,0.0,1.0,True
401,-0.0015000000000000002,0.0067,-0.18333333333333332,0.0,0.0,1.0,True
402,-0.0009000000000000001,-0.0065000000000000014,-0.18333333333333332,0.0,0.0,1.0,True
403,0.0051,0.0021,-0.18333333333333332,0.0,0.0,1.0,True
404,-0.0001,0.0001,-0.18333333333333332,0.0,0.0,1.0,True
405,-0.0087,0.0023,-0.18333333333333332,0.0,0.0,1.0,True
406,-0.0011,0.0059,-0.18333333333333332,0.0,0.0,1.0,True
407,0.005300000000000002,0.0067,-0.18333333333333332,0.0,0.0,1.0,True
408,-0.004300000000000001,0.00030000000000000003,-0.18333333333333332,0.0,0.0,1.0,True
409,-0.0015000000000000002,0.0031,-0.18333333333333332,0.0,0.0,1.0,True
410,0.007300000000000001,0.0038999999999999994,-0.18333333333333332,0.0,0.0,1.0,True
411,-0.0021,0.0009000000000000001,-0.18333333333333332,0.0,0.0,1.0,True
412,-0.0038999999999999994,0.007300000000000001,-0.18333333333333332,0.0,0.0,1.0,True
413,0.0079,-0.0035,-0.18333333333333332,0.0,0.0,1.0,True
414,-0.0087,-0.0047,-0.18333333333333332,0.0,0.0,1.0,True
415,0.0093,0.0017000000000000001,-0.18333333333333332,0.0,0.0,1.0,True
416,-0.0009000000000000001,0.0025,-0.18333333333333332,0.0,0.0,1.0,True
417,0.0013000000000000002,0.0093,-0.18333333333333332,0.0,0.0,1.0,True
418,0.0095,0.0025,-0.18333333333333332,0.0,0.0,1.0,True
419,0.0061,0.00030000000000000003,-0.18333333333333332,0.0,0.0,1.0,True
420,0.0057,0.006300000000000001,-0.18333333333333332,0.0,0.0,1.0,True
421,0.0047,0.0007000000000000001,-0.18333333333333332,0.0,0.0,1.0,True
422,0.0015000000000000002,-0.0065000000000000014,-0.18333333333333332,0.0,0.0,1.0,True
423,0.0089,0.0009000000000000001,-0.18333333333333332,0.0,0.0,1.0,True
424,-0.0011,-0.0005,-0.18333333333333332,0.0,0.0,1.0,True
425,-0.006300000000000001,0.005300000000000002,-0.18333333333333332,0.0,0.0,1.0,True
426,0.0013000000000000002,-0.0013000000000000002,-0.18333333333333332,0.0,0.0,1.0,True
427,0.007300000000000001,0.0026999999999999997,-0.18333333333333332,0.0,0.0,1.0,True
428,0.0091,0.0021,-0.18333333333333332,0.0,0.0,1.0,True
429,0.006900000000000001,0.0015000000000000002,-0.18333333333333332,0.0,0.0,1.0,True
430,0.0025,-0.007300000000000001,-0.18333333333333332,0.0,0.0,1.0,True
431,-0.0029,-0.0011,-0.18333333333333332,0.0,0.0,1.0,True
432,-0.0032999999999999995,-0.0091,-0.18333333333333332,0.0,0.0,1.0,True
433,-0.005300000000000002,0.005300000000000002,-0.18333333333333332,0.0,0.0,1.0,True
434,-0.007300000000000001,0.0041,-0.18333333333333332,0.0,0.0,1.0,True
435,-0.006900000000000001,0.0055000000000000005,-0.18333333333333332,0.0,0.0,1.0,True
436,0.0055000000000000005,0.0041,-0.18333333333333332,0.0,0.0,1.0,True
437,0.0013000000000000002,0.0021,-0.18333333333333332,0.0,0.0,1.0,True
438,0.004900000000000001,0.0038999999999999994,-0.18333333333333332,0.0,0.0,1.0,True
439,-0.0059,-0.0041,-0.18333333333333332,0.0,0.0,1.0,True
440,-0.0029,0.0026999999999999997,-0.18333333333333332,0.0,0.0,1.0,True
441,0.0085,0.0032999999999999995,-0.18333333333333332,0.0,0.0,1.0,True
442,0.0035,0.00030000000000000003,-0.18333333333333332,0.0,0.0,1.0,True
443,-0.0032999999999999995,-0.0029,-0.18333333333333332,0.0,0.0,1.0,True
444,0.0032999999999999995,0.004900000000000001,-0.18333333333333332,0.0,0.0,1.0,True
445,0.0029,-0.0025,-0.18333333333333332,0.0,0.0,1.0,True
446,-0.0087,0.0017000000000000001,-0.18333333333333332,0.0,0.0,1.0,True
447,-0.0031,-0.0089,-0.18333333333333332,0.0,0.0,1.0,True
448,-0.0095,-0.0013000000000000002,-0.18333333333333332,0.0,0.0,1.0,True
449,-0.0025,-0.0089,-0.18333333333333332,0.0,0.0,1.0,True
450,-0.0007000000000000001,-0.0007000000000000001,-0.18333333333333332,0.0,0.0,1.0,True
451,-0.0013000000000000002,0.0067,-0.18333333333333332,0.0,0.0,1.0,True
452,-0.004900000000000001,-0.0087,-0.18333333333333332,0.0,0.0,1.0,True
453,-0.0015000000000000002,0.0067,-0.18333333333333332,0.0,0.0,1.0,True
454,-0.0047,-0.0045000000000000005,-0.18333333333333332,0.0,0.0,1.0,True
455,-0.00030000000000000003,0.0005,-0.18333333333333332,0.0,0.0,1.0,True
456,-0.0015000000000000002,-0.006900000000000001,-0.18333333333333332,0.0,0.0,1.0,True
457,-0.0009000000000000001,0.004900000000000001,-0.18333333333333332,0.0,0.0,1.0,True
458,0.007500000000000001,-0.00030000000000000003,-0.18333333333333332,0.0,0.0,1.0,True
459,0.0015000000000000002,0.0007000000000000001,-0.18333333333333332,0.0,0.0,1.0,True
460,-0.0029,-0.0041,-0.18333333333333332,0.0,0.0,1.0,True
461,-0.0019,0.0059,-0.18333333333333332,0.0,0.0,1.0,True
462,-0.0026999999999999997,-0.0083,-0.18333333333333332,0.0,0.0,1.0,True
463,-0.0047,-0.0035,-0.18333333333333332,0.0,0.0,1.0,True
464,-0.0026999999999999997,0.0001,-0.18333333333333332,0.0,0.0,1.0,True
465,-0.0015000000000000002,0.0091,-0.18333333333333332,0.0,0.0,1.0,True
466,0.0026999999999999997,0.0038999999999999994,-0.18333333333333332,0.0,0.0,1.0,True
467,-0.0025,-0.0055000000000000005,-0.18333333333333332,0.0,0.0,1.0,True
468,0.00030000000000000003,-0.0093,-0.18333333333333332,0.0,0.0,1.0,True
469,0.004900000000000001,0.0035,-0.18333333333333332,0.0,0.0,1.0,True
470,-0.004300000000000001,-0.0089,-0.18333333333333332,0.0,0.0,1.0,True
471,-0.0045000000000000005,0.0081,-0.18333333333333332,0.0,0.0,1.0,True
472,-0.0001,0.0095,-0.18333333333333332,0.0,0.0,1.0,True
473,-0.0013000000000000002,0.0065000000000000014,-0.18333333333333332,0.0,0.0,1.0,True
474,-0.0032999999999999995,0.0059,-0.18333333333333332,0.0,0.0,1.0,True
475,-0.0045000000000000005,-0.0032999999999999995,-0.18333333333333332,0.0,0.0,1.0,True
476,0.0019,-0.0067,-0.18333333333333332,0.0,0.0,1.0,True
477,-0.004300000000000001,-0.006300000000000001,-0.18333333333333332,0.0,0.0,1.0,True
478,0.0038999999999999994,0.0059,-0.18333333333333332,0.0,0.0,1.0,True
479,-0.0079,0.0045000000000000005,-0.18333333333333332,0.0,0.0,1.0,True
480,0.0019,0.0001,-0.18333333333333332,0.0,0.0,1.0,True
481,-0.0045000000000000005,0.0021,-0.18333333333333332,0.0,0.0,1.0,True
482,-0.0041,0.0013000000000000002,-0.18333333333333332,0.0,0.0,1.0,True
483,-0.0045000000000000005,0.0032999999999999995,-0.18333333333333332,0.0,0.0,1.0,True
484,-0.007700000000000001,-0.0017000000000000001,-0.18333333333333332,0.0,0.0,1.0,True
485,0.0083,0.0045000000000000005,-0.18333333333333332,0.0,0.0,1.0,True
486,-0.0023,0.0065000000000000014,-0.18333333333333332,0.0,0.0,1.0,True
487,-0.0011,-0.0070999999999999995,-0.18333333333333332,0.0,0.0,1.0,True
488,-0.0026999999999999997,0.0001,-0.18333333333333332,0.0,0.0,1.0,True
489,0.0015000000000000002,0.0007000000000000001,-0.18333333333333332,0.0,0.0,1.0,True
490,-0.004900000000000001,-0.0047,-0.18333333333333332,0.0,0.0,1.0,True
491,-0.0013000000000000002,-0.0061,-0.18333333333333332,0.0,0.0,1.0,True
492,0.0045000000000000005,-0.0032999999999999995,-0.18333333333333332,0.0,0.0,1.0,True
493,-0.0035,0.006900000000000001,-0.18333333333333332,0.0,0.0,1.0,True
494,-0.0038999999999999994,0.0001,-0.18333333333333332,0.0,0.0,1.0,True
495,-0.005300000000000002,0.0001,-0.18333333333333332,0.0,0.0,1.0,True
496,0.0059,0.0021,-0.18333333333333332,0.0,0.0,1.0,True
497,-0.0057,0.004300000000000001,-0.18333333333333332,0.0,0.0,1.0,True
498,0.006900000000000001,-0.0035,-0.18333333333333332,0.0,0.0,1.0,True
499,-0.004300000000000001,-0.0057,-0.18333333333333332,0.0,0.0,1.0,True
500,0.0019,0.0070999999999999995,-0.18333333333333332,0.0,0.0,1.0,True
501,0.0057,0.0013000000000000002,-0.18333333333333332,0.0,0.0,1.0,True
502,-0.0079,0.0017000000000000001,-0.18333333333333332,0.0,0.0,1.0,True
503,-0.00030000000000000003,-0.0009000000000000001,-0.18333333333333332,0.0,0.0,1.0,True
504,0.0029,0.0019,-0.18333333333333332,0.0,0.0,1.0,True
505,-0.0017000000000000001,0.0025,-0.18333333333333332,0.0,0.0,1.0,True
506,0.0031,0.0057,-0.18333333333333332,0.0,0.0,1.0,True
507,-0.0041,-0.0045000000000000005,-0.18333333333333332,0.0,0.0,1.0,True
508,-0.0045000000000000005,0.0041,-0.18333333333333332,0.0,0.0,1.0,True
509,0.0087,-0.0021,-0.18333333333333332,0.0,0.0,1.0,True
510,0.006300000000000001,-0.0017000000000000001,-0.18333333333333332,0.0,0.0,1.0,True
511,-0.0051,0.0041,-0.18333333333333332,0.0,0.0,1.0,True
512,0.0032999999999999995,-0.004300000000000001,-0.18333333333333332,0.0,0.0,1.0,True
513,-0.0041,0.0013000000000000002,-0.18333333333333332,0.0,0.0,1.0,True
514,-0.0067,-0.0045000000000000005,-0.18333333333333332,0.0,0.0,1.0,True
515,0.0019,0.0041,-0.18333333333333332,0.0,0.0,1.0,True
516,0.0059,0.0070999999999999995,-0.18333333333333332,0.0,0.0,1.0,True
517,-0.0037,-0.0025,-0.18333333333333332,0.0,0.0,1.0,True
518,-0.0015000000000000002,0.0045000000000000005,-0.18333333333333332,0.0,0.0,1.0,True
519,0.0061,0.0047,-0.18333333333333332,0.0,0.0,1.0,True
520,-0.0047,0.0067,-0.18333333333333332,0.0,0.0,1.0,True
521,-0.0047,-0.0041,-0.18333333333333332,0.0,0.0,1.0,True
522,-0.0083,-0.0029,-0.18333333333333332,0.0,0.0,1.0,True
523,0.0017000000000000001,0.004900000000000001,-0.18333333333333332,0.0,0.0,1.0,True
524,0.0001,-0.0015000000000000002,-0.18333333333333332,0.0,0.0,1.0,True
525,0.0025,-0.0015000000000000002,-0.18333333333333332,0.0,0.0,1.0,True
526,-0.00030000000000000003,-0.0085,-0.18333333333333332,0.0,0.0,1.0,True
527,-0.006300000000000001,-0.0007000000000000001,-0.18333333333333332,0.0,0.0,1.0,True
528,0.0057,0.0047,-0.18333333333333332,0.0,0.0,1.0,True
529,-0.0091,0.0019,-0.18333333333333332,0.0,0.0,1.0,True
530,0.0038999999999999994,0.0019,-0.18333333333333332,0.0,0.0,1.0,True
531,-0.0087,-0.0025,-0.18333333333333332,0.0,0.0,1.0,True
532,-0.00030000000000000003,-0.0031,-0.18333333333333332,0.0,0.0,1.0,True
533,0.0070999999999999995,0.004300000000000001,-0.18333333333333332,0.0,0.0,1.0,True
534,-0.0013000000000000002,-0.0047,-0.18333333333333332,0.0,0.0,1.0,True
535,-0.00030000000000000003,-0.004300000000000001,-0.18333333333333332,0.0,0.0,1.0,True
536,-0.0035,0.0067,-0.18333333333333332,0.0,0.0,1.0,True
537,0.0091,0.0023,-0.18333333333333332,0.0,0.0,1.0,True
538,0.0013000000000000002,0.0009000000000000001,-0.18333333333333332,0.0,0.0,1.0,True
539,-0.0041,-0.0023,-0.18333333333333332,0.0,0.0,1.0,True
540,0.0038999999999999994,-0.0047,-0.18333333333333332,0.0,0.0,1.0,True
541,-0.0019,0.0019,-0.18333333333333332,0.0,0.0,1.0,True
542,0.0023,0.0005,-0.18333333333333332,0.0,0.0,1.0,True
543,0.0087,0.0017000000000000001,-0.18333333333333332,0.0,0.0,1.0,True
544,-0.0051,-0.006300000000000001,-0.18333333333333332,0.0,0.0,1.0,True
545,-0.0031,-0.007500000000000001,-0.18333333333333332,0.0,0.0,1.0,True
546,-0.0001,0.006900000000000001,-0.18333333333333332,0.0,0.0,1.0,True
547,0.0081,0.004300000000000001,-0.18333333333333332,0.0,0.0,1.0,True
548,0.0032999999999999995,-0.0059,-0.18333333333333332,0.0,0.0,1.0,True
549,0.0025,-0.0081,-0.18333333333333332,0.0,0.0,1.0,True
550,-0.0032999999999999995,-0.006300000000000001,-0.18333333333333332,0.0,0.0,1.0,True
551,0.0029,0.0051,-0.18333333333333332,0.0,0.0,1.0,True
552,-0.0026999999999999997,-0.0041,-0.18333333333333332,0.0,0.0,1.0,True
553,-0.0035,0.0019,-0.18333333333333332,0.0,0.0,1.0,True
554,-0.0045000000000000005,-0.0061,-0.18333333333333332,0.0,0.0,1.0,True
555,0.0083,0.0031,-0.18333333333333332,0.0,0.0,1.0,True
556,-0.0089,0.0041,-0.18333333333333332,0.0,0.0,1.0,True
557,0.0065000000000000014,-0.005300000000000002,-0.18333333333333332,0.0,0.0,1.0,True
558,0.0037,0.0029,-0.18333333333333332,0.0,0.0,1.0,True
559,-0.0045000000000000005,0.0038999999999999994,-0.18333333333333332,0.0,0.0,1.0,True
560,0.0005,-0.00030000000000000003,-0.18333333333333332,0.0,0.0,1.0,True
561,0.0051,-0.0059,-0.18333333333333332,0.0,0.0,1.0,True
562,0.0029,-0.007300000000000001,-0.18333333333333332,0.0,0.0,1.0,True
563,0.0061,0.0047,-0.18333333333333332,0.0,0.0,1.0,True
564,-0.0009000000000000001,0.0032999999999999995,-0.18333333333333332,0.0,0.0,1.0,True
565,0.0026999999999999997,-0.0031,-0.18333333333333332,0.0,0.0,1.0,True
566,0.0007000000000000001,-0.0011,-0.18333333333333332,0.0,0.0,1.0,True
567,0.0037,0.007500000000000001,-0.18333333333333332,0.0,0.0,1.0,True
568,-0.0085,0.0005,-0.18333333333333332,0.0,0.0,1.0,True
569,-0.0025,-0.0093,-0.18333333333333332,0.0,0.0,1.0,True
570,0.0021,0.0011,-0.18333333333333332,0.0,0.0,1.0,True
571,0.0061,0.007700000000000001,-0.18333333333333332,0.0,0.0,1.0,True
572,0.0019,0.0001,-0.18333333333333332,0.0,0.0,1.0,True
573,0.0061,-0.0021,-0.18333333333333332,0.0,0.0,1.0,True
574,0.0019,0.0037,-0.18333333333333332,0.0,0.0,1.0,True
575,0.0037,0.0087,-0.18333333333333332,0.0,0.0,1.0,True
576,0.007500000000000001,-0.0061,-0.18333333333333332,0.0,0.0,1.0,True
577,0.0031,-0.0041,-0.18333333333333332,0.0,0.0,1.0,True
578,0.0031,-0.0083,-0.18333333333333332,0.0,0.0,1.0,True
579,0.0021,0.0026999999999999997,-0.18333333333333332,0.0,0.0,1.0,True
580,0.0001,0.006900000000000001,-0.18333333333333332,0.0,0.0,1.0,True
581,-0.006300000000000001,-0.005300000000000002,-0.18333333333333332,0.0,0.0,1.0,True
582,0.0051,0.0031,-0.18333333333333332,0.0,0.0,1.0,True
583,-0.0023,0.0017000000000000001,-0.18333333333333332,0.0,0.0,1.0,True
584,0.0011,-0.009899999999999999,-0.18333333333333332,0.0,0.0,1.0,True
585,0.0070999999999999995,-0.004300000000000001,-0.18333333333333332,0.0,0.0,1.0,True
586,0.0031,-0.0011,-0.18333333333333332,0.0,0.0,1.0,True
587,-0.0059,-0.0011,-0.18333333333333332,0.0,0.0,1.0,True
588,-0.0015000000000000002,-0.007700000000000001,-0.18333333333333332,0.0,0.0,1.0,True
589,-0.0005,-0.0007000000000000001,-0.18333333333333332,0.0,0.0,1.0,True
590,0.0037,0.006300000000000001,-0.18333333333333332,0.0,0.0,1.0,True
591,-0.0035,0.0025,-0.18333333333333332,0.0,0.0,1.0,True
592,-0.0029,-0.007300000000000001,-0.18333333333333332,0.0,0.0,1.0,True
593,0.0013000000000000002,-0.0037,-0.18333333333333332,0.0,0.0,1.0,True
594,-0.0038999999999999994,0.0051,-0.18333333333333332,0.0,0.0,1.0,True
595,-0.004300000000000001,-0.0083,-0.18333333333333332,0.0,0.0,1.0,True
596,-0.0025,0.0013000000000000002,-0.18333333333333332,0.0,0.0,1.0,True
597,0.006900000000000001,-0.0047,-0.18333333333333332,0.0,0.0,1.0,True
598,0.0009000000000000001,-0.006300000000000001,-0.18333333333333332,0.0,0.0,1.0,True
599,0.006300000000000001,-0.0017000000000000001,-0.18333333333333332,0.0,0.0,1.0,True
600,-0.0070999999999999995,0.0017000000000000001,-0.18333333333333332,0.0,0.0,1.0,True
601,0.0023,-0.0011,-0.18333333333333332,0.0,0.0,1.0,True
602,-0.007700000000000001,-0.0041,-0.18333333333333332,0.0,0.0,1.0,True
603,-0.0026999999999999997,0.0070999999999999995,-0.18333333333333332,0.0,0.0,1.0,True
604,-0.0009000000000000001,0.007700000000000001,-0.18333333333333332,0.0,0.0,1.0,True
605,0.0067,-0.0041,-0.18333333333333332,0.0,0.0,1.0,True
606,-0.0001,-0.0045000000000000005,-0.18333333333333332,0.0,0.0,1.0,True
607,0.0059,0.0061,-0.18333333333333332,0.0,0.0,1.0,True
608,-0.0021,-0.0070999999999999995,-0.18333333333333332,0.0,0.0,1.0,True
609,-0.0005,-0.004900000000000001,-0.18333333333333332,0.0,0.0,1.0,True
610,-0.0057,0.0011,-0.18333333333333332,0.0,0.0,1.0,True
611,0.0007000000000000001,0.0035,-0.18333333333333332,0.0,0.0,1.0,True
612,0.0067,0.0001,-0.18333333333333332,0.0,0.0,1.0,True
613,0.0079,0.0057,-0.18333333333333332,0.0,0.0,1.0,True
614,0.0031,0.0032999999999999995,-0.18333333333333332,0.0,0.0,1.0,True
615,-0.0037,0.006900000000000001,-0.18333333333333332,0.0,0.0,1.0,True
616,-0.005300000000000002,-0.0038999999999999994,-0.18333333333333332,0.0,0.0,1.0,True
617,-0.0055000000000000005,-0.0025,-0.18333333333333332,0.0,0.0,1.0,True
618,0.0085,-0.0047,-0.18333333333333332,0.0,0.0,1.0,True
619,0.007700000000000001,-0.0041,-0.18333333333333332,0.0,0.0,1.0,True
620,0.0087,0.0009000000000000001,-0.18333333333333332,0.0,0.0,1.0,True
621,-0.0067,0.0037,-0.18333333333333332,0.0,0.0,1.0,True
622,0.0045000000000000005,0.0015000000000000002,-0.18333333333333332,0.0,0.0,1.0,True
623,-0.006300000000000001,-0.0013000000000000002,-0.18333333333333332,0.0,0.0,1.0,True
624,-0.007700000000000001,-0.0037,-0.18333333333333332,0.0,0.0,1.0,True
625,0.0001,0.0011,-0.18333333333333332,0.0,0.0,1.0,True
626,-0.0037,0.0031,-0.18333333333333332,0.0,0.0,1.0,True
627,-0.0085,-0.0029,-0.18333333333333332,0.0,0.0,1.0,True
628,-0.004300000000000001,-0.0009000000000000001,-0.18333333333333332,0.0,0.0,1.0,True
629,-0.004300000000000001,0.0081,-0.18333333333333332,0.0,0.0,1.0,True
630,0.0087,-0.0001,-0.18333333333333332,0.0,0.0,1.0,True
631,0.0045000000000000005,0.0015000000000000002,-0.18333333333333332,0.0,0.0,1.0,True
632,0.0015000000000000002,0.0095,-0.18333333333333332,0.0,0.0,1.0,True
633,-0.0029,0.006300000000000001,-0.18333333333333332,0.0,0.0,1.0,True
634,-0.0005,-0.0032999999999999995,-0.18333333333333332,0.0,0.0,1.0,True
635,-0.0059,-0.0055000000000000005,-0.18333333333333332,0.0,0.0,1.0,True
636,0.004900000000000001,-0.0051,-0.18333333333333332,0.0,0.0,1.0,True
637,-0.0087,-0.0045000000000000005,-0.18333333333333332,0.0,0.0,1.0,True
638,-0.004900000000000001,0.0007000000000000001,-0.18333333333333332,0.0,0.0,1.0,True
639,-0.0057,-0.0051,-0.18333333333333332,0.0,0.0,1.0,True
640,-0.0009000000000000001,0.0095,-0.18333333333333332,0.0,0.0,1.0,True
641,0.0009000000000000001,0.0005,-0.18333333333333332,0.0,0.0,1.0,True
642,0.005300000000000002,-0.0023,-0.18333333333333332,0.0,0.0,1.0,True
643,0.0026999999999999997,0.0025,-0.18333333333333332,0.0,0.0,1.0,True
644,-0.0087,-0.0037,-0.18333333333333332,0.0,0.0,1.0,True
645,0.0031,-0.0013000000000000002,-0.18333333333333332,0.0,0.0,1.0,True
646,-0.0089,-0.0038999999999999994,-0.18333333333333332,0.0,0.0,1.0,True
647,-0.00030000000000000003,0.0093,-0.18333333333333332,0.0,0.0,1.0,True
648,0.0035,0.0067,-0.18333333333333332,0.0,0.0,1.0,True
649,0.0013000000000000002,-0.0070999999999999995,-0.18333333333333332,0.0,0.0,1.0,True
650,0.0061,0.0079,-0.18333333333333332,0.0,0.0,1.0,True
651,0.007500000000000001,0.0025,-0.18333333333333332,0.0,0.0,1.0,True
652,0.0015000000000000002,-0.006900000000000001,-0.18333333333333332,0.0,0.0,1.0,True
653,-0.004900000000000001,-0.0019,-0.18333333333333332,0.0,0.0,1.0,True
654,0.0051,-0.0067,-0.18333333333333332,0.0,0.0,1.0,True
655,-0.0079,0.0023,-0.18333333333333332,0.0,0.0,1.0,True
656,0.0029,-0.0091,-0.18333333333333332,0.0,0.0,1.0,True
657,-0.006900000000000001,0.0032999999999999995,-0.18333333333333332,0.0,0.0,1.0,True
658,-0.0023,-0.0026999999999999997,-0.18333333333333332,0.0,0.0,1.0,True
659,0.0041,-0.0013000000000000002,-0.18333333333333332,0.0,0.0,1.0,True
660,0.0070999999999999995,0.0023,-0.18333333333333332,0.0,0.0,1.0,True
661,0.0038999999999999994,-0.0038999999999999994,-0.18333333333333332,0.0,0.0,1.0,True
662,-0.0045000000000000005,0.004900000000000001,-0.18333333333333332,0.0,0.0,1.0,True
663,0.0029,0.0067,-0.18333333333333332,0.0,0.0,1.0,True
664,-0.0097,0.0009000000000000001,-0.18333333333333332,0.0,0.0,1.0,True
665,-0.00030000000000000003,-0.0015000000000000002,-0.18333333333333332,0.0,0.0,1.0,True
666,0.0015000000000000002,0.007500000000000001,-0.18333333333333332,0.0,0.0,1.0,True
667,-0.0026999999999999997,-0.0055000000000000005,-0.18333333333333332,0.0,0.0,1.0,True
668,-0.0051,0.0085,-0.18333333333333332,0.0,0.0,1.0,True
669,0.0065000000000000014,0.005300000000000002,-0.18333333333333332,0.0,0.0,1.0,True
670,0.0031,-0.0005,-0.18333333333333332,0.0,0.0,1.0,True
671,0.0047,0.0019,-0.18333333333333332,0.0,0.0,1.0,True
672,-0.0026999999999999997,-0.0089,-0.18333333333333332,0.0,0.0,1.0,True
673,0.006900000000000001,-0.006300000000000001,-0.18333333333333332,0.0,0.0,1.0,True
674,0.006900000000000001,-0.004900000000000001,-0.18333333333333332,0.0,0.0,1.0,True
675,-0.0081,-0.0007000000000000001,-0.18333333333333332,0.0,0.0,1.0,True
676,-0.006300000000000001,-0.0007000000000000001,-0.18333333333333332,0.0,0.0,1.0,True
677,0.007700000000000001,0.004300000000000001,-0.18333333333333332,0.0,0.0,1.0,True
678,-0.007500000000000001,0.0017000000000000001,-0.18333333333333332,0.0,0.0,1.0,True
679,-0.0097,0.0011,-0.18333333333333332,0.0,0.0,1.0,True
680,-0.005300000000000002,0.0035,-0.18333333333333332,0.0,0.0,1.0,True
681,-0.0031,0.0051,-0.18333333333333332,0.0,0.0,1.0,True
682,0.0083,0.005300000000000002,-0.18333333333333332,0.0,0.0,1.0,True
683,-0.0038999999999999994,-0.0047,-0.18333333333333332,0.0,0.0,1.0,True
684,0.004300000000000001,0.0005,-0.18333333333333332,0.0,0.0,1.0,True
685,-0.0031,0.0081,-0.18333333333333332,0.0,0.0,1.0,True
686,-0.006900000000000001,0.0029,-0.18333333333333332,0.0,0.0,1.0,True
687,-0.0011,-0.0025,-0.18333333333333332,0.0,0.0,1.0,True
688,0.0013000000000000002,0.0031,-0.18333333333333332,0.0,0.0,1.0,True
689,0.0047,0.0081,-0.18333333333333332,0.0,0.0,1.0,True
690,0.006300000000000001,0.00030000000000000003,-0.18333333333333332,0.0,0.0,1.0,True
691,-0.006300000000000001,-0.0021,-0.18333333333333332,0.0,0.0,1.0,True
692,-0.0067,-0.0057,-0.18333333333333332,0.0,0.0,1.0,True
693,-0.0087,0.0005,-0.18333333333333332,0.0,0.0,1.0,True
694,-0.00030000000000000003,-0.0011,-0.18333333333333332,0.0,0.0,1.0,True
695,0.0035,-0.0059,-0.18333333333333332,0.0,0.0,1.0,True
696,-0.0083,-0.0019,-0.18333333333333332,0.0,0.0,1.0,True
697,0.006300000000000001,0.0026999999999999997,-0.18333333333333332,0.0,0.0,1.0,True
698,0.005300000000000002,0.0017000000000000001,-0.18333333333333332,0.0,0.0,1.0,True
699,-0.0091,0.0032999999999999995,-0.18333333333333332,0.0,0.0,1.0,True
700,-0.0091,0.0011,-0.18333333333333332,0.0,0.0,1.0,True
701,-0.0067,0.0057,-0.18333333333333332,0.0,0.0,1.0,True
702,-0.0032999999999999995,0.0015000000000000002,-0.18333333333333332,0.0,0.0,1.0,True
703,-0.0093,0.0015000000000000002,-0.18333333333333332,0.0,0.0,1.0,True
704,-0.0051,0.0009000000000000001,-0.18333333333333332,0.0,0.0,1.0,True
705,-0.007500000000000001,-0.0019,-0.18333333333333332,0.0,0.0,1.0,True
706,0.007500000000000001,0.0057,-0.18333333333333332,0.0,0.0,1.0,True
707,0.005300000000000002,-0.0045000000000000005,-0.18333333333333332,0.0,0.0,1.0,True
708,0.0061,0.0025,-0.18333333333333332,0.0,0.0,1.0,True
709,0.007500000000000001,-0.004900000000000001,-0.18333333333333332,0.0,0.0,1.0,True
710,-0.004900000000000001,-0.0031,-0.18333333333333332,0.0,0.0,1.0,True
711,0.0070999999999999995,0.0013000000000000002,-0.18333333333333332,0.0,0.0,1.0,True
712,-0.0001,0.0047,-0.18333333333333332,0.0,0.0,1.0,True
713,0.0015000000000000002,-0.0051,-0.18333333333333332,0.0,0.0,1.0,True
714,0.0031,0.0057,-0.18333333333333332,0.0,0.0,1.0,True
715,-0.0067,0.0065000000000000014,-0.18333333333333332,0.0,0.0,1.0,True
716,-0.0038999999999999994,-0.0013000000000000002,-0.18333333333333332,0.0,0.0,1.0,True
717,0.0009000000000000001,-0.0093,-0.18333333333333332,0.0,0.0,1.0,True
718,-0.0031,-0.0032999999999999995,-0.18333333333333332,0.0,0.0,1.0,True
719,0.0055000000000000005,-0.0035,-0.18333333333333332,0.0,0.0,1.0,True
720,-0.0023,-0.0079,-0.18333333333333332,0.0,0.0,1.0,True
721,-0.0013000000000000002,-0.007500000000000001,-0.18333333333333332,0.0,0.0,1.0,True
722,-0.0051,-0.0021,-0.18333333333333332,0.0,0.0,1.0,True
723,0.0070999999999999995,-0.0031,-0.18333333333333332,0.0,0.0,1.0,True
724,-0.0026999999999999997,-0.0025,-0.18333333333333332,0.0,0.0,1.0,True
725,0.0041,0.0023,-0.18333333333333332,0.0,0.0,1.0,True
726,0.0007000000000000001,-0.0059,-0.18333333333333332,0.0,0.0,1.0,True
727,-0.0017000000000000001,-0.0045000000000000005,-0.18333333333333332,0.0,0.0,1.0,True
728,-0.0011,-0.0009000000000000001,-0.18333333333333332,0.0,0.0,1.0,True
729,-0.006900000000000001,0.0019,-0.18333333333333332,0.0,0.0,1.0,True
730,-0.0087,0.0001,-0.18333333333333332,0.0,0.0,1.0,True
731,0.0013000000000000002,0.0061,-0.18333333333333332,0.0,0.0,1.0,True
732,-0.0005,-0.0009000000000000001,-0.18333333333333332,0.0,0.0,1.0,True
733,0.004900000000000001,-0.0025,-0.18333333333333332,0.0,0.0,1.0,True
734,0.004300000000000001,0.0023,-0.18333333333333332,0.0,0.0,1.0,True
735,-0.0091,-0.0035,-0.18333333333333332,0.0,0.0,1.0,True
736,0.0019,-0.0032999999999999995,-0.18333333333333332,0.0,0.0,1.0,True
737,0.00030000000000000003,-0.007500000000000001,-0.18333333333333332,0.0,0.0,1.0,True
738,-0.0047,-0.0079,-0.18333333333333332,0.0,0.0,1.0,True
739,0.0083,0.0045000000000000005,-0.18333333333333332,0.0,0.0,1.0,True
740,0.0025,0.0065000000000000014,-0.18333333333333332,0.0,0.0,1.0,True
741,0.0059,-0.0001,-0.18333333333333332,0.0,0.0,1.0,True
742,0.0047,0.0059,-0.18333333333333332,0.0,0.0,1.0,True
743,-0.004900000000000001,0.0013000000000000002,-0.18333333333333332,0.0,0.0,1.0,True
744,0.0065000000000000014,0.0015000000000000002,-0.18333333333333332,0.0,0.0,1.0,True
745,-0.005300000000000002,0.0045000000000000005,-0.18333333333333332,0.0,0.0,1.0,True
746,-0.0038999999999999994,0.0038999999999999994,-0.18333333333333332,0.0,0.0,1.0,True
747,0.0007000000000000001,0.0017000000000000001,-0.18333333333333332,0.0,0.0,1.0,True
748,-0.0001,0.0087,-0.18333333333333332,0.0,0.0,1.0,True
749,-0.0031,0.0081,-0.18333333333333332,0.0,0.0,1.0,True
750,0.0059,0.006900000000000001,-0.18333333333333332,0.0,0.0,1.0,True
751,-0.007700000000000001,-0.0005,-0.18333333333333332,0.0,0.0,1.0,True
752,-0.0035,0.0051,-0.18333333333333332,0.0,0.0,1.0,True
753,0.0041,-0.0067,-0.18333333333333332,0.0,0.0,1.0,True
754,-0.0085,-0.0001,-0.18333333333333332,0.0,0.0,1.0,True
755,-0.0037,0.0065000000000000014,-0.18333333333333332,0.0,0.0,1.0,True
756,0.0041,-0.007300000000000001,-0.18333333333333332,0.0,0.0,1.0,True
757,0.0097,0.0005,-0.18333333333333332,0.0,0.0,1.0,True
758,-0.0025,0.0087,-0.18333333333333332,0.0,0.0,1.0,True
759,0.0007000000000000001,0.0093,-0.18333333333333332,0.0,0.0,1.0,True
760,-0.0061,-0.0067,-0.18333333333333332,0.0,0.0,1.0,True
761,0.007700000000000001,-0.0035,-0.18333333333333332,0.0,0.0,1.0,True
762,-0.0037,-0.0025,-0.18333333333333332,0.0,0.0,1.0,True
763,0.0007000000000000001,0.009899999999999999,-0.18333333333333332,0.0,0.0,1.0,True
764,-0.0007000000000000001,-0.004900000000000001,-0.18333333333333332,0.0,0.0,1.0,True
765,-0.0019,0.0067,-0.18333333333333332,0.0,0.0,1.0,True
766,-0.0083,-0.0055000000000000005,-0.18333333333333332,0.0,0.0,1.0,True
767,-0.0013000000000000002,0.0070999999999999995,-0.18333333333333332,0.0,0.0,1.0,True
768,0.0023,0.0032999999999999995,-0.18333333333333332,0.0,0.0,1.0,True
769,-0.0019,-0.0081,-0.18333333333333332,0.0,0.0,1.0,True
770,0.0005,-0.0019,-0.18333333333333332,0.0,0.0,1.0,True
771,-0.004300000000000001,-0.0031,-0.18333333333333332,0.0,0.0,1.0,True
772,0.0057,0.0025,-0.18333333333333332,0.0,0.0,1.0,True
773,-0.0055000000000000005,-0.0051,-0.18333333333333332,0.0,0.0,1.0,True
774,0.006900000000000001,-0.0001,-0.18333333333333332,0.0,0.0,1.0,True
775,0.0041,0.005300000000000002,-0.18333333333333332,0.0,0.0,1.0,True
776,0.007700000000000001,0.0037,-0.18333333333333332,0.0,0.0,1.0,True
777,0.006300000000000001,-0.0038999999999999994,-0.18333333333333332,0.0,0.0,1.0,True
778,0.0059,-0.0011,-0.18333333333333332,0.0,0.0,1.0,True
779,0.0067,-0.004300000000000001,-0.18333333333333332,0.0,0.0,1.0,True
780,-0.0021,-0.0059,-0.18333333333333332,0.0,0.0,1.0,True
781,-0.0079,-0.0019,-0.18333333333333332,0.0,0.0,1.0,True
782,0.0079,-0.0015000000000000002,-0.18333333333333332,0.0,0.0,1.0,True
783,-0.0017000000000000001,-0.0001,-0.18333333333333332,0.0,0.0,1.0,True
784,0.0085,-0.0015000000000000002,-0.18333333333333332,0.0,0.0,1.0,True
785,0.0001,0.0021,-0.18333333333333332,0.0,0.0,1.0,True
786,-0.0059,-0.0013000000000000002,-0.18333333333333332,0.0,0.0,1.0,True
787,-0.0055000000000000005,-0.00030000000000000003,-0.18333333333333332,0.0,0.0,1.0,True
788,0.0019,-0.007300000000000001,-0.18333333333333332,0.0,0.0,1.0,True
789,-0.006900000000000001,0.0067,-0.18333333333333332,0.0,0.0,1.0,True
790,-0.0031,-0.0031,-0.18333333333333332,0.0,0.0,1.0,True
791,-0.0032999999999999995,-0.0023,-0.18333333333333332,0.0,0.0,1.0,True
792,-0.0029,-0.0007000000000000001,-0.18333333333333332,0.0,0.0,1.0,True
793,0.007300000000000001,-0.0059,-0.18333333333333332,0.0,0.0,1.0,True
794,-0.009899999999999999,-0.0007000000000000001,-0.18333333333333332,0.0,0.0,1.0,True
795,-0.0059,-0.007700000000000001,-0.18333333333333332,0.0,0.0,1.0,True
796,0.007500000000000001,-0.005300000000000002,-0.18333333333333332,0.0,0.0,1.0,True
797,-0.0083,0.0023,-0.18333333333333332,0.0,0.0,1.0,True
798,-0.0047,-0.0087,-0.18333333333333332,0.0,0.0,1.0,True
799,0.0021,0.0057,-0.18333333333333332,0.0,0.0,1.0,True
800,-0.0011,0.0019,-0.18333333333333332,0.0,0.0,1.0,True
801,0.0009000000000000001,0.0031,-0.18333333333333332,0.0,0.0,1.0,True
802,-0.0047,-0.006900000000000001,-0.18333333333333332,0.0,0.0,1.0,True
803,0.0038999999999999994,0.0055000000000000005,-0.18333333333333332,0.0,0.0,1.0,True
804,-0.0032999999999999995,-0.0037,-0.18333333333333332,0.0,0.0,1.0,True
805,0.0031,0.0089,-0.18333333333333332,0.0,0.0,1.0,True
806,0.0065000000000000014,0.004300000000000001,-0.18333333333333332,0.0,0.0,1.0,True
807,-0.0026999999999999997,0.0065000000000000014,-0.18333333333333332,0.0,0.0,1.0,True
808,-0.0057,0.004900000000000001,-0.18333333333333332,0.0,0.0,1.0,True
809,0.0011,0.007500000000000001,-0.18333333333333332,0.0,0.0,1.0,True
810,0.0070999999999999995,-0.0001,-0.18333333333333332,0.0,0.0,1.0,True
811,0.004900000000000001,-0.0017000000000000001,-0.18333333333333332,0.0,0.0,1.0,True
812,-0.0017000000000000001,-0.0005,-0.18333333333333332,0.0,0.0,1.0,True
813,0.0011,0.0025,-0.18333333333333332,0.0,0.0,1.0,True
814,0.004300000000000001,-0.007500000000000001,-0.18333333333333332,0.0,0.0,1.0,True
815,0.0011,-0.0083,-0.18333333333333332,0.0,0.0,1.0,True
816,-0.0019,0.0038999999999999994,-0.18333333333333332,0.0,0.0,1.0,True
817,0.004300000000000001,0.006900000000000001,-0.18333333333333332,0.0,0.0,1.0,True
818,-0.0007000000000000001,0.0085,-0.18333333333333332,0.0,0.0,1.0,True
819,0.0032999999999999995,-0.0025,-0.18333333333333332,0.0,0.0,1.0,True
820,0.006300000000000001,0.0009000000000000001,-0.18333333333333332,0.0,0.0,1.0,True
821,-0.0079,0.0009000000000000001,-0.18333333333333332,0.0,0.0,1.0,True
822,0.0023,-0.0041,-0.18333333333333332,0.0,0.0,1.0,True
823,-0.0051,0.0017000000000000001,-0.18333333333333332,0.0,0.0,1.0,True
824,-0.0023,0.0095,-0.18333333333333332,0.0,0.0,1.0,True
825,-0.0055000000000000005,0.004300000000000001,-0.18333333333333332,0.0,0.0,1.0,True
826,-0.0038999999999999994,-0.0025,-0.18333333333333332,0.0,0.0,1.0,True
827,0.0009000000000000001,-0.0085,-0.18333333333333332,0.0,0.0,1.0,True
828,0.006900000000000001,0.004300000000000001,-0.18333333333333332,0.0,0.0,1.0,True
829,-0.0025,0.0091,-0.18333333333333332,0.0,0.0,1.0,True
830,0.0013000000000000002,-0.0097,-0.18333333333333332,0.0,0.0,1.0,True
831,0.0026999999999999997,-0.0005,-0.18333333333333332,0.0,0.0,1.0,True
832,0.0017000000000000001,0.0013000000000000002,-0.18333333333333332,0.0,0.0,1.0,True
833,0.0059,0.00030000000000000003,-0.18333333333333332,0.0,0.0,1.0,True
834,0.0041,-0.0009000000000000001,-0.18333333333333332,0.0,0.0,1.0,True
835,0.004300000000000001,-0.007700000000000001,-0.18333333333333332,0.0,0.0,1.0,True
836,0.0031,-0.0026999999999999997,-0.18333333333333332,0.0,0.0,1.0,True
837,0.0038999999999999994,0.0055000000000000005,-0.18333333333333332,0.0,0.0,1.0,True
838,0.0038999999999999994,-0.0051,-0.18333333333333332,0.0,0.0,1.0,True
839,0.006900000000000001,-0.0067,-0.18333333333333332,0.0,0.0,1.0,True
840,-0.0005,-0.0057,-0.18333333333333332,0.0,0.0,1.0,True
841,-0.0070999999999999995,-0.005300000000000002,-0.18333333333333332,0.0,0.0,1.0,True
842,0.0029,-0.006300000000000001,-0.18333333333333332,0.0,0.0,1.0,True
843,0.0013000000000000002,-0.0093,-0.18333333333333332,0.0,0.0,1.0,True
844,0.0038999999999999994,0.007300000000000001,-0.18333333333333332,0.0,0.0,1.0,True
845,-0.006900000000000001,-0.0037,-0.18333333333333332,0.0,0.0,1.0,True
846,-0.0061,0.0065000000000000014,-0.18333333333333332,0.0,0.0,1.0,True
847,-0.0093,-0.0001,-0.18333333333333332,0.0,0.0,1.0,True
848,0.0029,0.0019,-0.18333333333333332,0.0,0.0,1.0,True
849,0.0070999999999999995,0.0067,-0.18333333333333332,0.0,0.0,1.0,True
850,-0.0037,-0.005300000000000002,-0.18333333333333332,0.0,0.0,1.0,True
851,0.0007000000000000001,0.0083,-0.18333333333333332,0.0,0.0,1.0,True
852,-0.0035,-0.0021,-0.18333333333333332,0.0,0.0,1.0,True
853,-0.0087,0.0047,-0.18333333333333332,0.0,0.0,1.0,True
854,-0.0023,-0.0037,-0.18333333333333332,0.0,0.0,1.0,True
855,-0.004900000000000001,-0.0079,-0.18333333333333332,0.0,0.0,1.0,True
856,0.0079,0.0023,-0.18333333333333332,0.0,0.0,1.0,True
857,0.0031,-0.0061,-0.18333333333333332,0.0,0.0,1.0,True
858,-0.004300000000000001,0.0015000000000000002,-0.18333333333333332,0.0,0.0,1.0,True
859,-0.0089,-0.0007000000000000001,-0.18333333333333332,0.0,0.0,1.0,True
860,0.0011,-0.0041,-0.18333333333333332,0.0,0.0,1.0,True
861,-0.0029,0.0085,-0.18333333333333332,0.0,0.0,1.0,True
862,-0.007700000000000001,0.0025,-0.18333333333333332,0.0,0.0,1.0,True
863,0.0007000000000000001,-0.0032999999999999995,-0.18333333333333332,0.0,0.0,1.0,True
864,-0.0017000000000000001,0.0032999999999999995,-0.18333333333333332,0.0,0.0,1.0,True
865,0.0026999999999999997,0.0025,-0.18333333333333332,0.0,0.0,1.0,True
866,-0.0051,-0.0070999999999999995,-0.18333333333333332,0.0,0.0,1.0,True
867,0.0023,0.0013000000000000002,-0.18333333333333332,0.0,0.0,1.0,True
868,0.0091,-0.0021,-0.18333333333333332,0.0,0.0,1.0,True
869,0.006300000000000001,-0.0023,-0.18333333333333332,0.0,0.0,1.0,True
870,0.004900000000000001,0.005300000000000002,-0.18333333333333332,0.0,0.0,1.0,True
871,-0.0081,0.0001,-0.18333333333333332,0.0,0.0,1.0,True
872,-0.0032999999999999995,-0.0091,-0.18333333333333332,0.0,0.0,1.0,True
873,-0.0041,-0.006300000000000001,-0.18333333333333332,0.0,0.0,1.0,True
874,0.0038999999999999994,0.0021,-0.18333333333333332,0.0,0.0,1.0,True
875,-0.0017000000000000001,0.0023,-0.18333333333333332,0.0,0.0,1.0,True
876,-0.0045000000000000005,-0.006300000000000001,-0.18333333333333332,0.0,0.0,1.0,True
877,-0.0007000000000000001,0.0081,-0.18333333333333332,0.0,0.0,1.0,True
878,0.0087,0.0011,-0.18333333333333332,0.0,0.0,1.0,True
879,0.0038999999999999994,-0.0087,-0.18333333333333332,0.0,0.0,1.0,True
880,-0.0041,-0.006900000000000001,-0.18333333333333332,0.0,0.0,1.0,True
881,-0.0021,0.0031,-0.18333333333333332,0.0,0.0,1.0,True
882,-0.0001,0.0051,-0.18333333333333332,0.0,0.0,1.0,True
883,0.0015000000000000002,0.0059,-0.18333333333333332,0.0,0.0,1.0,True
884,-0.004900000000000001,0.0079,-0.18333333333333332,0.0,0.0,1.0,True
885,-0.0037,0.0038999999999999994,-0.18333333333333332,0.0,0.0,1.0,True
886,-0.0007000000000000001,0.007500000000000001,-0.18333333333333332,0.0,0.0,1.0,True
887,0.0041,-0.007700000000000001,-0.18333333333333332,0.0,0.0,1.0,True
888,-0.0013000000000000002,0.0079,-0.18333333333333332,0.0,0.0,1.0,True
889,0.006300000000000001,0.0011,-0.18333333333333332,0.0,0.0,1.0,True
890,0.0017000000000000001,-0.0087,-0.18333333333333332,0.0,0.0,1.0,True
891,0.007300000000000001,0.0045000000000000005,-0.18333333333333332,0.0,0.0,1.0,True
892,0.0051,-0.0079,-0.18333333333333332,0.0,0.0,1.0,True
893,0.0009000000000000001,-0.0083,-0.18333333333333332,0.0,0.0,1.0,True
894,-0.0025,0.007700000000000001,-0.18333333333333332,0.0,0.0,1.0,True
895,0.0021,-0.0045000000000000005,-0.18333333333333332,0.0,0.0,1.0,True
896,0.0009000000000000001,-0.0035,-0.18333333333333332,0.0,0.0,1.0,True
897,-0.0057,-0.0055000000000000005,-0.18333333333333332,0.0,0.0,1.0,True
898,-0.0007000000000000001,0.0019,-0.18333333333333332,0.0,0.0,1.0,True
899,0.0007000000000000001,0.0019,-0.18333333333333332,0.0,0.0,1.0,True
900,0.0019,0.0055000000000000005,-0.18333333333333332,0.0,0.0,1.0,True
901,0.0035,0.0057,-0.18333333333333332,0.0,0.0,1.0,True
902,-0.0023,-0.006300000000000001,-0.18333333333333332,0.0,0.0,1.0,True
903,-0.0029,0.0021,-0.18333333333333332,0.0,0.0,1.0,True
904,0.007300000000000001,-0.0041,-0.18333333333333332,0.0,0.0,1.0,True
905,-0.0031,0.0015000000000000002,-0.18333333333333332,0.0,0.0,1.0,True
906,0.0057,0.007300000000000001,-0.18333333333333332,0.0,0.0,1.0,True
907,-0.0041,0.0017000000000000001,-0.18333333333333332,0.0,0.0,1.0,True
908,-0.004300000000000001,-0.0087,-0.18333333333333332,0.0,0.0,1.0,True
909,0.0031,-0.0026999999999999997,-0.18333333333333332,0.0,0.0,1.0,True
910,0.007700000000000001,0.004900000000000001,-0.18333333333333332,0.0,0.0,1.0,True
911,-0.006900000000000001,0.0059,-0.18333333333333332,0.0,0.0,1.0,True
912,0.0051,0.0051,-0.18333333333333332,0.0,0.0,1.0,True
913,0.0032999999999999995,0.0005,-0.18333333333333332,0.0,0.0,1.0,True
914,-0.0037,0.0047,-0.18333333333333332,0.0,0.0,1.0,True
915,0.00030000000000000003,-0.0095,-0.18333333333333332,0.0,0.0,1.0,True
916,-0.0026999999999999997,-0.0007000000000000001,-0.18333333333333332,0.0,0.0,1.0,True
917,0.0011,0.0089,-0.18333333333333332,0.0,0.0,1.0,True
918,0.0026999999999999997,-0.0021,-0.18333333333333332,0.0,0.0,1.0,True
919,-0.0021,0.0047,-0.18333333333333332,0.0,0.0,1.0,True
920,-0.0035,-0.0021,-0.18333333333333332,0.0,0.0,1.0,True
921,-0.0057,-0.006900000000000001,-0.18333333333333332,0.0,0.0,1.0,True
922,0.0035,-0.0055000000000000005,-0.18333333333333332,0.0,0.0,1.0,True
923,-0.005300000000000002,-0.0067,-0.18333333333333332,0.0,0.0,1.0,True
924,-0.0035,0.0045000000000000005,-0.18333333333333332,0.0,0.0,1.0,True
925,-0.006300000000000001,-0.0007000000000000001,-0.18333333333333332,0.0,0.0,1.0,True
926,-0.0021,-0.0045000000000000005,-0.18333333333333332,0.0,0.0,1.0,True
927,0.0032999999999999995,-0.0026999999999999997,-0.18333333333333332,0.0,0.0,1.0,True
928,0.0065000000000000014,0.004900000000000001,-0.18333333333333332,0.0,0.0,1.0,True
929,-0.0097,0.0017000000000000001,-0.18333333333333332,0.0,0.0,1.0,True
930,0.0055000000000000005,-0.0057,-0.18333333333333332,0.0,0.0,1.0,True
931,0.0015000000000000002,0.0031,-0.18333333333333332,0.0,0.0,1.0,True
932,-0.0087,-0.0011,-0.18333333333333332,0.0,0.0,1.0,True
933,-0.0031,0.0079,-0.18333333333333332,0.0,0.0,1.0,True
934,0.0011,0.0017000000000000001,-0.18333333333333332,0.0,0.0,1.0,True
935,-0.00030000000000000003,0.0029,-0.18333333333333332,0.0,0.0,1.0,True
936,-0.0083,-0.0009000000000000001,-0.18333333333333332,0.0,0.0,1.0,True
937,0.007500000000000001,0.004900000000000001,-0.18333333333333332,0.0,0.0,1.0,True
938,0.0009000000000000001,0.0023,-0.18333333333333332,0.0,0.0,1.0,True
939,-0.007300000000000001,-0.006300000000000001,-0.18333333333333332,0.0,0.0,1.0,True
940,-0.0017000000000000001,-0.0095,-0.18333333333333332,0.0,0.0,1.0,True
941,0.0005,-0.0045000000000000005,-0.18333333333333332,0.0,0.0,1.0,True
942,-0.0095,-0.0029,-0.18333333333333332,0.0,0.0,1.0,True
943,-0.0007000000000000001,0.0032999999999999995,-0.18333333333333332,0.0,0.0,1.0,True
944,-0.0029,-0.0015000000000000002,-0.18333333333333332,0.0,0.0,1.0,True
945,-0.0085,0.0023,-0.18333333333333332,0.0,0.0,1.0,True
946,-0.0001,0.0065000000000000014,-0.18333333333333332,0.0,0.0,1.0,True
947,0.0057,0.0081,-0.18333333333333332,0.0,0.0,1.0,True
948,-0.0057,0.0059,-0.18333333333333332,0.0,0.0,1.0,True
949,-0.006300000000000001,-0.0032999999999999995,-0.18333333333333332,0.0,0.0,1.0,True
950,-0.0019,0.0055000000000000005,-0.18333333333333332,0.0,0.0,1.0,True
951,0.007700000000000001,0.0023,-0.18333333333333332,0.0,0.0,1.0,True
952,0.0005,-0.004300000000000001,-0.18333333333333332,0.0,0.0,1.0,True
953,-0.0037,0.007700000000000001,-0.18333333333333332,0.0,0.0,1.0,True
954,-0.0037,0.007700000000000001,-0.18333333333333332,0.0,0.0,1.0,True
955,0.0089,0.0035,-0.18333333333333332,0.0,0.0,1.0,True
956,0.009899999999999999,0.0007000000000000001,-0.18333333333333332,0.0,0.0,1.0,True
957,0.0070999999999999995,0.004900000000000001,-0.18333333333333332,0.0,0.0,1.0,True
958,-0.00030000000000000003,0.0019,-0.18333333333333332,0.0,0.0,1.0,True
959,-0.0005,0.0093,-0.18333333333333332,0.0,0.0,1.0,True
960,0.0055000000000000005,-0.0059,-0.18333333333333332,0.0,0.0,1.0,True
961,0.0013000000000000002,0.004900000000000001,-0.18333333333333332,0.0,0.0,1.0,True
962,0.0025,0.0001,-0.18333333333333332,0.0,0.0,1.0,True
963,-0.0093,0.0017000000000000001,-0.18333333333333332,0.0,0.0,1.0,True
964,0.007700000000000001,0.0019,-0.18333333333333332,0.0,0.0,1.0,True
965,0.0081,0.0017000000000000001,-0.18333333333333332,0.0,0.0,1.0,True
966,-0.004300000000000001,0.004900000000000001,-0.18333333333333332,0.0,0.0,1.0,True
967,0.0035,0.0061,-0.18333333333333332,0.0,0.0,1.0,True
968,0.007300000000000001,-0.0013000000000000002,-0.18333333333333332,0.0,0.0,1.0,True
969,-0.0021,-0.0013000000000000002,-0.18333333333333332,0.0,0.0,1.0,True
970,-0.0032999999999999995,-0.0001,-0.18333333333333332,0.0,0.0,1.0,True
971,-0.0009000000000000001,0.0001,-0.18333333333333332,0.0,0.0,1.0,True
972,0.0081,-0.005300000000000002,-0.18333333333333332,0.0,0.0,1.0,True
973,-0.0019,0.004300000000000001,-0.18333333333333332,0.0,0.0,1.0,True
974,-0.0057,0.0021,-0.18333333333333332,0.0,0.0,1.0,True
975,0.0059,0.0029,-0.18333333333333332,0.0,0.0,1.0,True
976,-0.0095,0.0023,-0.18333333333333332,0.0,0.0,1.0,True
977,-0.004300000000000001,-0.0032999999999999995,-0.18333333333333332,0.0,0.0,1.0,True
978,0.0013000000000000002,-0.0067,-0.18333333333333332,0.0,0.0,1.0,True
979,0.0025,0.0017000000000000001,-0.18333333333333332,0.0,0.0,1.0,True
980,0.0051,-0.0061,-0.18333333333333332,0.0,0.0,1.0,True
981,-0.0026999999999999997,0.0081,-0.18333333333333332,0.0,0.0,1.0,True
982,-0.0067,0.0032999999999999995,-0.18333333333333332,0.0,0.0,1.0,True
983,0.0097,-0.0005,-0.18333333333333332,0.0,0.0,1.0,True
984,0.0025,0.004900000000000001,-0.18333333333333332,0.0,0.0,1.0,True
985,-0.0011,0.0095,-0.18333333333333332,0.0,0.0,1.0,True
986,-0.0059,0.006900000000000001,-0.18333333333333332,0.0,0.0,1.0,True
987,0.0032999999999999995,0.0079,-0.18333333333333332,0.0,0.0,1.0,True
988,-0.0026999999999999997,-0.0047,-0.18333333333333332,0.0,0.0,1.0,True
989,-0.0067,-0.0026999999999999997,-0.18333333333333332,0.0,0.0,1.0,True
990,0.0009000000000000001,0.0007000000000000001,-0.18333333333333332,0.0,0.0,1.0,True
991,0.0057,-0.0070999999999999995,-0.18333333333333332,0.0,0.0,1.0,True
992,0.007500000000000001,0.0011,-0.18333333333333332,0.0,0.0,1.0,True
993,-0.004300000000000001,0.007700000000000001,-0.18333333333333332,0.0,0.0,1.0,True
994,-0.0037,-0.0045000000000000005,-0.18333333333333332,0.0,0.0,1.0,True
995,-0.0061,0.0017000000000000001,-0.18333333333333332,0.0,0.0,1.0,True
996,-0.0079,-0.004300000000000001,-0.18333333333333332,0.0,0.0,1.0,True
997,-0.0097,0.0009000000000000001,-0.18333333333333332,0.0,0.0,1.0,True
998,0.0023,-0.004300000000000001,-0.18333333333333332,0.0,0.0,1.0,True
999,0.0007000000000000001,0.0037,-0.18333333333333332,0.0,0.0,1.0,True
